Review_ID,Order_ID,Rating
1,3,3
2,5,5
3,7,5
4,9,5
5,12,5
6,13,4
7,15,2
8,17,3
9,19,1
10,25,4
11,30,5
12,35,5
13,44,5
14,50,4
15,54,5
16,62,4
17,71,4
18,77,3
19,96,3
20,99,4
21,101,4
22,106,3
23,109,4
24,112,5
25,113,5
26,121,4
27,124,4
28,126,5
29,128,2
30,129,1
31,131,5
32,135,1
33,174,5
34,181,5
35,194,4
36,198,5
37,205,5
38,210,5
39,212,4
40,218,3
41,221,2
42,224,4
43,231,2
44,239,5
45,244,4
46,248,5
47,258,4
48,263,3
49,267,4
50,268,5
51,272,4
52,278,4
53,280,4
54,283,3
55,287,4
56,288,5
57,289,3
58,290,4
59,297,4
60,303,5
61,306,5
62,316,1
63,322,5
64,331,5
65,334,5
66,335,5
67,343,5
68,348,3
69,353,4
70,378,2
71,380,4
72,391,4
73,395,4
74,401,3
75,403,4
76,406,5
77,407,5
78,408,4
79,419,5
80,422,3
81,426,3
82,432,4
83,433,2
84,443,5
85,446,5
86,453,5
87,455,4
88,459,4
89,463,4
90,465,4
91,469,3
92,470,2
93,478,5
94,485,1
95,488,4
96,493,5
97,497,1
98,505,5
99,508,5
100,510,4
101,512,5
102,516,5
103,519,4
104,520,5
105,521,3
106,522,5
107,525,4
108,531,5
109,532,5
110,544,2
111,545,5
112,549,5
113,551,3
114,561,5
115,562,3
116,569,3
117,571,5
118,572,5
119,578,4
120,581,3
121,587,5
122,590,5
123,598,5
124,601,5
125,603,4
126,611,4
127,617,2
128,625,4
129,632,4
130,634,5
131,637,5
132,638,3
133,644,4
134,649,5
135,650,3
136,652,5
137,657,5
138,658,4
139,661,5
140,662,3
141,665,2
142,668,5
143,676,1
144,677,1
145,678,1
146,685,4
147,692,4
148,698,3
149,700,5
150,703,1
151,704,5
152,711,5
153,713,3
154,716,3
155,718,5
156,719,2
157,721,5
158,723,3
159,728,5
160,731,5
161,734,2
162,735,4
163,737,5
164,742,5
165,744,4
166,749,4
167,766,5
168,769,5
169,776,5
170,778,5
171,784,4
172,787,1
173,803,5
174,808,5
175,809,5
176,810,5
177,813,5
178,816,5
179,835,5
180,836,3
181,841,3
182,842,4
183,854,5
184,856,3
185,857,3
186,864,5
187,865,5
188,866,3
189,868,5
190,870,4
191,874,5
192,892,5
193,902,5
194,903,5
195,905,1
196,908,4
197,914,3
198,918,3
199,919,4
200,924,5
201,935,3
202,937,4
203,942,5
204,943,4
205,961,3
206,963,3
207,971,3
208,974,5
209,980,1
210,986,5
211,989,4
212,992,5
213,994,5
214,1008,5
215,1011,4
216,1013,5
217,1015,5
218,1019,2
219,1021,5
220,1028,5
221,1029,5
222,1031,5
223,1032,5
224,1034,4
225,1037,4
226,1041,5
227,1045,3
228,1046,5
229,1047,3
230,1050,3
231,1053,5
232,1056,4
233,1057,2
234,1064,5
235,1071,2
236,1072,4
237,1078,5
238,1079,5
239,1100,4
240,1112,4
241,1113,4
242,1114,4
243,1117,4
244,1121,4
245,1123,4
246,1127,4
247,1131,5
248,1136,5
249,1143,5
250,1144,5
251,1150,3
252,1151,5
253,1152,4
254,1155,5
255,1156,4
256,1163,4
257,1168,4
258,1178,5
259,1184,3
260,1188,5
261,1193,3
262,1194,4
263,1203,5
264,1240,5
265,1241,4
266,1251,5
267,1252,3
268,1258,5
269,1262,5
270,1272,3
271,1275,4
272,1278,5
273,1281,2
274,1292,3
275,1298,5
276,1302,1
277,1306,3
278,1329,2
279,1334,4
280,1340,5
281,1361,3
282,1378,4
283,1386,1
284,1387,5
285,1390,3
286,1395,5
287,1399,4
288,1400,4
289,1401,5
290,1415,2
291,1417,4
292,1426,4
293,1431,3
294,1436,5
295,1446,5
296,1459,4
297,1464,5
298,1467,5
299,1470,4
300,1471,1
301,1479,4
302,1483,5
303,1492,5
304,1495,5
305,1498,4
306,1502,5
307,1503,4
308,1507,5
309,1525,4
310,1526,5
311,1541,5
312,1546,4
313,1550,2
314,1555,3
315,1564,5
316,1571,5
317,1574,5
318,1577,5
319,1579,4
320,1584,5
321,1587,5
322,1588,3
323,1590,3
324,1591,1
325,1597,5
326,1599,5
327,1601,5
328,1603,4
329,1605,5
330,1607,1
331,1610,4
332,1614,5
333,1616,4
334,1621,5
335,1623,3
336,1633,5
337,1638,2
338,1646,2
339,1651,5
340,1652,3
341,1657,4
342,1663,4
343,1664,4
344,1668,4
345,1671,5
346,1675,5
347,1677,5
348,1678,4
349,1681,5
350,1682,5
351,1684,5
352,1690,2
353,1692,3
354,1701,5
355,1702,4
356,1708,4
357,1712,2
358,1716,5
359,1720,4
360,1723,3
361,1729,3
362,1730,4
363,1732,5
364,1741,4
365,1752,4
366,1765,4
367,1767,5
368,1772,5
369,1773,5
370,1776,5
371,1780,4
372,1789,5
373,1791,5
374,1793,3
375,1795,3
376,1804,4
377,1813,5
378,1819,2
379,1823,5
380,1830,5
381,1834,5
382,1835,4
383,1837,4
384,1841,3
385,1846,5
386,1851,4
387,1852,3
388,1853,4
389,1858,3
390,1862,4
391,1864,5
392,1868,3
393,1869,5
394,1886,5
395,1894,5
396,1895,5
397,1896,5
398,1904,5
399,1917,5
400,1921,1
401,1924,4
402,1926,5
403,1928,4
404,1934,4
405,1936,5
406,1937,2
407,1938,4
408,1939,2
409,1942,5
410,1947,5
411,1964,4
412,1968,5
413,1970,4
414,1972,5
415,1977,4
416,1978,5
417,1979,5
418,1982,4
419,1985,2
420,1988,5
421,1991,4
422,1994,1
423,2003,1
424,2007,5
425,2009,4
426,2017,5
427,2026,5
428,2035,4
429,2037,5
430,2044,4
431,2045,5
432,2048,5
433,2053,5
434,2054,5
435,2062,3
436,2063,4
437,2078,2
438,2079,5
439,2081,3
440,2082,3
441,2086,5
442,2090,5
443,2093,5
444,2098,5
445,2101,2
446,2105,4
447,2108,5
448,2115,5
449,2116,5
450,2134,4
451,2137,5
452,2139,5
453,2140,5
454,2142,4
455,2146,5
456,2154,4
457,2156,5
458,2159,1
459,2162,5
460,2163,5
461,2164,4
462,2167,5
463,2171,4
464,2173,5
465,2175,3
466,2181,3
467,2190,3
468,2194,5
469,2200,5
470,2202,3
471,2209,1
472,2217,4
473,2218,3
474,2225,5
475,2226,5
476,2234,5
477,2242,5
478,2246,4
479,2247,5
480,2252,4
481,2253,5
482,2257,5
483,2259,3
484,2268,4
485,2269,5
486,2275,5
487,2278,5
488,2279,5
489,2282,3
490,2284,5
491,2296,5
492,2297,4
493,2299,5
494,2305,5
495,2310,4
496,2311,3
497,2313,4
498,2315,2
499,2330,4
500,2338,5
501,2347,5
502,2350,5
503,2353,5
504,2360,5
505,2369,5
506,2370,3
507,2387,2
508,2389,5
509,2402,5
510,2412,5
511,2415,5
512,2422,4
513,2429,4
514,2432,4
515,2441,1
516,2447,5
517,2450,4
518,2458,3
519,2463,1
520,2466,5
521,2469,5
522,2491,5
523,2494,4
524,2498,4
525,2503,3
526,2505,5
527,2516,4
528,2520,5
529,2521,4
530,2525,4
531,2533,5
532,2557,5
533,2561,5
534,2566,5
535,2573,3
536,2575,4
537,2581,5
538,2582,3
539,2586,4
540,2589,5
541,2595,2
542,2604,3
543,2605,4
544,2613,4
545,2622,1
546,2634,5
547,2644,4
548,2650,4
549,2653,4
550,2657,3
551,2658,5
552,2663,2
553,2682,4
554,2684,4
555,2686,5
556,2687,4
557,2690,4
558,2693,4
559,2696,4
560,2698,5
561,2699,3
562,2701,4
563,2707,4
564,2708,3
565,2711,5
566,2724,5
567,2726,5
568,2727,5
569,2731,4
570,2732,4
571,2736,5
572,2739,5
573,2744,5
574,2752,4
575,2753,4
576,2754,4
577,2756,4
578,2757,3
579,2759,5
580,2760,5
581,2767,4
582,2770,5
583,2778,3
584,2781,4
585,2791,3
586,2797,4
587,2798,3
588,2804,5
589,2814,4
590,2824,5
591,2825,3
592,2834,5
593,2846,5
594,2847,3
595,2849,5
596,2850,4
597,2859,5
598,2861,2
599,2867,5
600,2876,5
601,2877,5
602,2879,2
603,2892,4
604,2894,4
605,2896,4
606,2897,4
607,2899,4
608,2909,4
609,2916,2
610,2918,5
611,2921,5
612,2929,4
613,2941,5
614,2946,4
615,2954,5
616,2968,1
617,2972,5
618,2975,4
619,2981,5
620,2982,5
621,2985,4
622,2992,4
623,2993,5
624,3004,5
625,3006,4
626,3011,5
627,3013,5
628,3019,5
629,3030,5
630,3035,4
631,3051,3
632,3052,4
633,3053,4
634,3054,2
635,3055,3
636,3056,5
637,3060,5
638,3061,4
639,3065,5
640,3073,5
641,3076,5
642,3081,5
643,3086,5
644,3088,5
645,3090,3
646,3095,4
647,3099,4
648,3104,4
649,3115,4
650,3116,5
651,3117,2
652,3120,4
653,3125,5
654,3139,5
655,3141,4
656,3144,5
657,3145,4
658,3146,5
659,3152,4
660,3154,2
661,3159,5
662,3166,4
663,3167,3
664,3168,5
665,3170,3
666,3179,5
667,3185,5
668,3191,5
669,3193,5
670,3195,5
671,3196,4
672,3199,3
673,3202,5
674,3207,4
675,3212,5
676,3223,5
677,3226,3
678,3229,5
679,3232,4
680,3238,4
681,3242,2
682,3246,5
683,3247,5
684,3249,3
685,3256,5
686,3257,4
687,3259,4
688,3260,4
689,3262,5
690,3265,3
691,3270,5
692,3272,4
693,3273,5
694,3278,4
695,3288,4
696,3297,4
697,3298,5
698,3302,5
699,3304,1
700,3305,3
701,3308,5
702,3311,5
703,3313,3
704,3319,4
705,3320,4
706,3322,3
707,3337,4
708,3338,2
709,3344,5
710,3348,3
711,3358,5
712,3366,3
713,3371,5
714,3374,3
715,3382,4
716,3384,5
717,3392,5
718,3401,3
719,3408,5
720,3418,5
721,3423,4
722,3424,5
723,3428,5
724,3431,4
725,3448,5
726,3449,4
727,3459,5
728,3462,3
729,3465,5
730,3466,2
731,3474,3
732,3476,5
733,3479,3
734,3485,5
735,3492,4
736,3494,1
737,3495,3
738,3496,4
739,3503,5
740,3505,3
741,3510,4
742,3526,5
743,3531,3
744,3536,5
745,3537,4
746,3546,5
747,3552,4
748,3561,5
749,3564,5
750,3575,5
751,3576,5
752,3577,5
753,3580,3
754,3584,3
755,3587,4
756,3588,5
757,3594,5
758,3610,5
759,3625,5
760,3632,5
761,3634,4
762,3636,5
763,3638,5
764,3639,5
765,3645,4
766,3653,1
767,3654,5
768,3660,5
769,3663,3
770,3664,4
771,3669,5
772,3672,4
773,3676,4
774,3677,4
775,3685,5
776,3688,4
777,3694,3
778,3696,2
779,3697,2
780,3701,5
781,3704,3
782,3707,3
783,3709,4
784,3713,5
785,3714,4
786,3717,4
787,3744,4
788,3745,3
789,3747,4
790,3748,5
791,3749,3
792,3752,5
793,3755,4
794,3756,5
795,3760,5
796,3762,5
797,3764,5
798,3766,2
799,3767,5
800,3768,4
801,3778,5
802,3781,5
803,3783,4
804,3785,5
805,3788,2
806,3790,5
807,3791,2
808,3792,4
809,3796,5
810,3801,5
811,3802,5
812,3815,3
813,3816,4
814,3820,5
815,3828,4
816,3830,4
817,3834,3
818,3839,5
819,3847,3
820,3852,3
821,3854,5
822,3866,4
823,3880,3
824,3881,3
825,3887,3
826,3889,3
827,3901,4
828,3903,4
829,3908,5
830,3909,4
831,3913,4
832,3918,4
833,3921,4
834,3926,5
835,3929,4
836,3932,2
837,3938,4
838,3944,5
839,3946,2
840,3953,5
841,3957,5
842,3961,2
843,3972,4
844,3976,5
845,3984,5
846,3991,4
847,3995,4
848,4004,4
849,4005,5
850,4007,4
851,4010,5
852,4013,3
853,4014,4
854,4024,5
855,4030,5
856,4033,1
857,4049,4
858,4052,4
859,4055,5
860,4059,5
861,4061,5
862,4062,5
863,4067,5
864,4068,4
865,4069,5
866,4072,5
867,4080,3
868,4081,1
869,4082,5
870,4106,3
871,4109,5
872,4110,5
873,4114,4
874,4115,3
875,4119,5
876,4123,4
877,4127,5
878,4131,2
879,4137,5
880,4139,2
881,4146,4
882,4150,2
883,4152,5
884,4153,4
885,4165,3
886,4167,4
887,4181,5
888,4182,1
889,4190,4
890,4191,5
891,4196,5
892,4201,5
893,4207,4
894,4215,5
895,4219,5
896,4221,2
897,4223,5
898,4224,5
899,4251,5
900,4253,3
901,4255,2
902,4263,4
903,4266,5
904,4274,5
905,4275,3
906,4281,5
907,4282,5
908,4286,5
909,4297,5
910,4302,5
911,4306,4
912,4312,2
913,4317,2
914,4319,4
915,4322,5
916,4325,3
917,4329,5
918,4351,4
919,4353,5
920,4355,4
921,4364,4
922,4374,3
923,4380,4
924,4383,3
925,4385,4
926,4386,5
927,4388,4
928,4395,5
929,4396,5
930,4399,5
931,4400,5
932,4405,4
933,4406,4
934,4414,5
935,4416,3
936,4417,4
937,4424,5
938,4427,4
939,4433,4
940,4436,5
941,4447,4
942,4449,4
943,4469,2
944,4470,3
945,4477,4
946,4485,5
947,4486,4
948,4497,4
949,4499,4
950,4501,2
951,4504,5
952,4506,3
953,4507,4
954,4509,3
955,4516,5
956,4519,5
957,4523,5
958,4549,5
959,4555,5
960,4563,4
961,4565,3
962,4573,5
963,4579,4
964,4589,5
965,4590,4
966,4595,4
967,4601,5
968,4615,5
969,4617,2
970,4622,5
971,4624,5
972,4626,5
973,4635,4
974,4640,5
975,4644,4
976,4646,4
977,4647,4
978,4648,2
979,4656,5
980,4660,5
981,4666,5
982,4667,3
983,4672,4
984,4677,2
985,4684,3
986,4691,5
987,4699,5
988,4700,5
989,4705,3
990,4713,5
991,4716,5
992,4720,5
993,4724,2
994,4726,5
995,4729,4
996,4738,5
997,4741,2
998,4748,5
999,4749,5
1000,4754,4
1001,4756,3
1002,4760,2
1003,4761,5
1004,4764,3
1005,4765,5
1006,4772,5
1007,4773,4
1008,4775,4
1009,4780,5
1010,4784,4
1011,4785,5
1012,4799,4
1013,4807,3
1014,4809,5
1015,4814,5
1016,4827,3
1017,4830,1
1018,4839,1
1019,4842,4
1020,4844,5
1021,4846,5
1022,4849,5
1023,4852,3
1024,4854,4
1025,4861,5
1026,4863,3
1027,4874,1
1028,4876,4
1029,4877,3
1030,4879,5
1031,4883,5
1032,4884,5
1033,4888,3
1034,4902,3
1035,4905,4
1036,4908,4
1037,4915,3
1038,4916,5
1039,4918,1
1040,4922,4
1041,4929,2
1042,4932,5
1043,4933,4
1044,4941,5
1045,4948,3
1046,4951,4
1047,4952,5
1048,4954,5
1049,4961,4
1050,4962,4
1051,4967,5
1052,4974,5
1053,4978,4
1054,4981,5
1055,4988,1
1056,4989,3
1057,4990,4
1058,4991,5
1059,4992,4
1060,4994,5
1061,4995,2
1062,4999,5
1063,5007,5
1064,5012,3
1065,5017,4
1066,5021,5
1067,5025,5
1068,5030,5
1069,5034,3
1070,5044,4
1071,5045,3
1072,5057,5
1073,5059,4
1074,5061,4
1075,5065,5
1076,5067,4
1077,5070,4
1078,5071,3
1079,5072,5
1080,5073,4
1081,5075,4
1082,5076,3
1083,5078,5
1084,5084,4
1085,5087,4
1086,5099,2
1087,5103,4
1088,5104,4
1089,5110,4
1090,5124,3
1091,5127,4
1092,5144,5
1093,5146,5
1094,5147,5
1095,5149,5
1096,5156,4
1097,5166,5
1098,5167,5
1099,5168,4
1100,5174,5
1101,5182,5
1102,5201,4
1103,5202,5
1104,5220,5
1105,5226,3
1106,5231,5
1107,5253,3
1108,5263,4
1109,5265,4
1110,5267,4
1111,5268,3
1112,5273,4
1113,5281,3
1114,5289,2
1115,5290,4
1116,5304,5
1117,5305,4
1118,5308,5
1119,5316,5
1120,5317,5
1121,5320,5
1122,5326,2
1123,5332,4
1124,5333,4
1125,5335,3
1126,5339,5
1127,5343,5
1128,5346,3
1129,5350,5
1130,5352,4
1131,5357,5
1132,5363,2
1133,5366,5
1134,5367,5
1135,5374,5
1136,5377,3
1137,5381,4
1138,5387,5
1139,5398,5
1140,5400,4
1141,5403,4
1142,5407,5
1143,5409,5
1144,5416,5
1145,5431,4
1146,5436,4
1147,5438,3
1148,5448,5
1149,5451,4
1150,5452,4
1151,5457,4
1152,5463,4
1153,5473,5
1154,5474,5
1155,5476,3
1156,5480,5
1157,5481,5
1158,5483,1
1159,5493,3
1160,5505,5
1161,5506,5
1162,5510,3
1163,5514,3
1164,5521,5
1165,5528,3
1166,5537,4
1167,5541,3
1168,5542,5
1169,5543,5
1170,5544,5
1171,5547,5
1172,5554,4
1173,5555,2
1174,5556,5
1175,5558,5
1176,5560,4
1177,5563,5
1178,5567,2
1179,5568,5
1180,5577,5
1181,5581,5
1182,5585,3
1183,5588,4
1184,5598,4
1185,5600,2
1186,5604,5
1187,5607,5
1188,5618,5
1189,5619,5
1190,5620,5
1191,5621,5
1192,5623,5
1193,5624,5
1194,5626,5
1195,5649,5
1196,5657,5
1197,5666,5
1198,5668,4
1199,5672,5
1200,5677,5
1201,5685,5
1202,5698,3
1203,5700,5
1204,5708,3
1205,5712,4
1206,5725,5
1207,5729,4
1208,5732,5
1209,5733,5
1210,5735,4
1211,5736,5
1212,5741,5
1213,5742,5
1214,5747,3
1215,5750,5
1216,5752,4
1217,5760,4
1218,5764,4
1219,5768,4
1220,5771,1
1221,5782,4
1222,5783,4
1223,5784,2
1224,5788,5
1225,5791,5
1226,5810,5
1227,5814,5
1228,5817,3
1229,5838,4
1230,5839,3
1231,5849,4
1232,5853,5
1233,5855,5
1234,5859,5
1235,5870,4
1236,5871,4
1237,5872,5
1238,5875,3
1239,5880,5
1240,5882,5
1241,5890,3
1242,5903,4
1243,5906,4
1244,5907,5
1245,5914,5
1246,5919,5
1247,5930,5
1248,5932,5
1249,5934,4
1250,5937,3
1251,5941,5
1252,5943,4
1253,5947,4
1254,5948,2
1255,5950,5
1256,5959,5
1257,5960,5
1258,5964,4
1259,5969,2
1260,5973,4
1261,5976,5
1262,5977,4
1263,5978,5
1264,5981,4
1265,5986,5
1266,5987,5
1267,5993,2
1268,5997,4
1269,6011,4
1270,6020,4
1271,6025,5
1272,6028,2
1273,6033,4
1274,6042,4
1275,6044,2
1276,6052,5
1277,6054,4
1278,6055,5
1279,6058,3
1280,6061,5
1281,6062,4
1282,6063,5
1283,6066,5
1284,6067,4
1285,6074,4
1286,6078,3
1287,6081,3
1288,6082,5
1289,6084,4
1290,6085,4
1291,6087,5
1292,6090,5
1293,6094,5
1294,6103,4
1295,6113,4
1296,6118,5
1297,6120,5
1298,6130,5
1299,6133,5
1300,6145,5
1301,6152,4
1302,6154,1
1303,6155,5
1304,6160,4
1305,6161,2
1306,6163,5
1307,6172,5
1308,6173,4
1309,6175,4
1310,6177,5
1311,6179,3
1312,6191,5
1313,6192,5
1314,6197,4
1315,6200,2
1316,6207,3
1317,6208,5
1318,6210,4
1319,6211,3
1320,6213,3
1321,6226,5
1322,6242,5
1323,6251,5
1324,6252,4
1325,6253,3
1326,6255,5
1327,6267,4
1328,6268,3
1329,6269,5
1330,6270,4
1331,6271,4
1332,6278,4
1333,6284,4
1334,6285,5
1335,6288,2
1336,6297,4
1337,6301,4
1338,6311,5
1339,6316,5
1340,6317,4
1341,6318,5
1342,6333,5
1343,6336,4
1344,6344,5
1345,6363,4
1346,6366,4
1347,6367,5
1348,6368,5
1349,6370,3
1350,6373,3
1351,6380,4
1352,6388,5
1353,6389,4
1354,6390,4
1355,6416,4
1356,6418,4
1357,6419,5
1358,6430,5
1359,6446,5
1360,6451,3
1361,6456,5
1362,6457,5
1363,6460,5
1364,6461,5
1365,6462,4
1366,6464,4
1367,6467,5
1368,6471,4
1369,6475,5
1370,6489,5
1371,6492,5
1372,6495,5
1373,6497,5
1374,6500,3
1375,6506,2
1376,6511,5
1377,6515,2
1378,6519,3
1379,6521,4
1380,6528,4
1381,6530,4
1382,6533,5
1383,6534,3
1384,6540,1
1385,6543,5
1386,6544,5
1387,6548,5
1388,6551,5
1389,6553,4
1390,6554,4
1391,6558,4
1392,6567,5
1393,6569,4
1394,6579,2
1395,6584,5
1396,6586,5
1397,6587,2
1398,6589,2
1399,6595,1
1400,6599,3
1401,6603,4
1402,6607,5
1403,6609,5
1404,6610,4
1405,6612,5
1406,6620,3
1407,6635,4
1408,6647,4
1409,6650,5
1410,6651,3
1411,6653,5
1412,6658,4
1413,6661,5
1414,6662,4
1415,6669,3
1416,6673,4
1417,6680,3
1418,6684,3
1419,6688,3
1420,6689,5
1421,6691,5
1422,6695,5
1423,6696,4
1424,6713,5
1425,6714,5
1426,6718,5
1427,6721,5
1428,6727,4
1429,6729,4
1430,6733,4
1431,6740,4
1432,6743,3
1433,6749,5
1434,6751,3
1435,6752,4
1436,6757,5
1437,6758,3
1438,6761,5
1439,6762,4
1440,6764,3
1441,6766,4
1442,6771,4
1443,6777,5
1444,6789,5
1445,6794,2
1446,6797,5
1447,6799,2
1448,6800,2
1449,6802,2
1450,6803,4
1451,6813,5
1452,6822,4
1453,6825,4
1454,6832,4
1455,6838,5
1456,6843,2
1457,6847,5
1458,6848,5
1459,6853,5
1460,6854,5
1461,6855,5
1462,6862,1
1463,6863,5
1464,6873,4
1465,6874,3
1466,6878,4
1467,6879,5
1468,6884,5
1469,6898,5
1470,6899,5
1471,6903,2
1472,6921,1
1473,6925,5
1474,6930,2
1475,6932,5
1476,6938,5
1477,6939,4
1478,6942,5
1479,6946,4
1480,6953,5
1481,6954,3
1482,6955,2
1483,6966,5
1484,6970,5
1485,6974,3
1486,6975,5
1487,6981,3
1488,6991,5
1489,6995,5
1490,7007,3
1491,7009,5
1492,7012,5
1493,7014,5
1494,7017,4
1495,7021,5
1496,7023,4
1497,7024,5
1498,7025,5
1499,7040,5
1500,7048,5
1501,7051,4
1502,7052,3
1503,7053,5
1504,7058,4
1505,7059,4
1506,7061,3
1507,7062,4
1508,7067,5
1509,7083,1
1510,7085,4
1511,7091,4
1512,7094,4
1513,7096,5
1514,7103,4
1515,7111,5
1516,7112,4
1517,7129,5
1518,7131,1
1519,7133,4
1520,7137,5
1521,7142,5
1522,7144,4
1523,7149,5
1524,7160,5
1525,7164,4
1526,7165,5
1527,7166,3
1528,7167,5
1529,7174,5
1530,7175,3
1531,7178,2
1532,7184,4
1533,7190,4
1534,7195,2
1535,7210,4
1536,7212,5
1537,7223,5
1538,7225,5
1539,7229,5
1540,7231,5
1541,7235,5
1542,7237,2
1543,7243,5
1544,7255,2
1545,7258,4
1546,7266,5
1547,7268,5
1548,7270,4
1549,7273,3
1550,7278,3
1551,7289,4
1552,7290,4
1553,7300,5
1554,7307,1
1555,7308,2
1556,7316,3
1557,7318,3
1558,7333,1
1559,7334,4
1560,7340,2
1561,7347,5
1562,7349,5
1563,7350,5
1564,7357,4
1565,7360,3
1566,7366,2
1567,7367,3
1568,7377,4
1569,7382,5
1570,7389,2
1571,7393,3
1572,7394,3
1573,7396,3
1574,7399,4
1575,7402,3
1576,7409,4
1577,7410,4
1578,7412,4
1579,7426,5
1580,7428,5
1581,7430,4
1582,7432,4
1583,7433,4
1584,7434,4
1585,7438,5
1586,7445,5
1587,7450,3
1588,7466,3
1589,7483,4
1590,7490,5
1591,7491,5
1592,7495,4
1593,7496,4
1594,7499,3
1595,7500,4
1596,7519,2
1597,7528,3
1598,7531,5
1599,7533,5
1600,7537,4
1601,7549,4
1602,7554,5
1603,7557,3
1604,7574,4
1605,7583,5
1606,7591,5
1607,7593,5
1608,7602,5
1609,7603,5
1610,7613,5
1611,7618,5
1612,7622,5
1613,7628,5
1614,7632,5
1615,7635,4
1616,7636,5
1617,7642,4
1618,7650,5
1619,7651,4
1620,7656,3
1621,7664,4
1622,7665,5
1623,7677,5
1624,7682,5
1625,7690,5
1626,7691,4
1627,7695,5
1628,7698,5
1629,7699,5
1630,7700,5
1631,7704,2
1632,7705,5
1633,7706,3
1634,7716,4
1635,7717,4
1636,7720,5
1637,7722,2
1638,7724,5
1639,7726,3
1640,7729,3
1641,7730,3
1642,7735,4
1643,7743,4
1644,7744,1
1645,7745,4
1646,7748,4
1647,7753,4
1648,7764,5
1649,7766,3
1650,7773,5
1651,7781,5
1652,7795,5
1653,7798,2
1654,7799,5
1655,7815,2
1656,7816,5
1657,7824,5
1658,7829,4
1659,7835,4
1660,7836,3
1661,7839,5
1662,7841,5
1663,7846,5
1664,7848,3
1665,7850,1
1666,7857,4
1667,7863,3
1668,7865,5
1669,7873,4
1670,7877,4
1671,7884,5
1672,7885,4
1673,7887,5
1674,7893,4
1675,7894,2
1676,7904,4
1677,7907,4
1678,7908,2
1679,7913,3
1680,7922,4
1681,7925,4
1682,7926,4
1683,7928,5
1684,7930,5
1685,7933,4
1686,7935,5
1687,7939,4
1688,7952,4
1689,7954,4
1690,7955,4
1691,7957,4
1692,7960,5
1693,7961,5
1694,7963,4
1695,7965,5
1696,7969,3
1697,7984,4
1698,7986,4
1699,7988,5
1700,7991,5
1701,7992,5
1702,7996,5
1703,8005,5
1704,8013,4
1705,8014,5
1706,8017,5
1707,8018,5
1708,8021,2
1709,8028,3
1710,8033,5
1711,8037,5
1712,8048,5
1713,8055,5
1714,8057,5
1715,8060,3
1716,8062,5
1717,8072,5
1718,8073,5
1719,8076,5
1720,8084,3
1721,8093,5
1722,8099,4
1723,8100,4
1724,8102,5
1725,8107,4
1726,8111,5
1727,8112,4
1728,8113,2
1729,8116,4
1730,8120,3
1731,8128,5
1732,8137,5
1733,8141,4
1734,8145,3
1735,8147,4
1736,8154,4
1737,8162,5
1738,8181,3
1739,8188,4
1740,8192,4
1741,8193,2
1742,8195,3
1743,8204,4
1744,8212,3
1745,8214,2
1746,8216,1
1747,8221,3
1748,8236,5
1749,8237,5
1750,8240,4
1751,8243,5
1752,8247,4
1753,8251,5
1754,8258,4
1755,8261,5
1756,8266,2
1757,8268,5
1758,8271,4
1759,8272,4
1760,8292,5
1761,8294,3
1762,8301,2
1763,8305,2
1764,8306,5
1765,8307,5
1766,8311,4
1767,8312,5
1768,8314,2
1769,8316,3
1770,8322,3
1771,8324,4
1772,8326,5
1773,8331,5
1774,8335,4
1775,8336,3
1776,8349,4
1777,8350,3
1778,8352,4
1779,8354,4
1780,8361,5
1781,8364,4
1782,8366,5
1783,8370,3
1784,8376,5
1785,8389,5
1786,8393,4
1787,8394,3
1788,8399,1
1789,8402,4
1790,8404,4
1791,8405,5
1792,8415,5
1793,8422,3
1794,8427,4
1795,8428,3
1796,8436,2
1797,8438,3
1798,8443,5
1799,8446,5
1800,8448,5
1801,8449,3
1802,8450,5
1803,8451,4
1804,8454,5
1805,8456,5
1806,8462,2
1807,8467,5
1808,8471,4
1809,8475,5
1810,8484,3
1811,8488,5
1812,8494,3
1813,8495,5
1814,8498,4
1815,8500,5
1816,8506,5
1817,8511,4
1818,8512,5
1819,8516,5
1820,8520,4
1821,8525,5
1822,8536,5
1823,8538,5
1824,8544,5
1825,8545,2
1826,8550,5
1827,8551,3
1828,8555,4
1829,8560,5
1830,8568,5
1831,8574,4
1832,8581,4
1833,8585,5
1834,8588,4
1835,8591,5
1836,8592,5
1837,8593,4
1838,8595,5
1839,8599,5
1840,8604,5
1841,8605,4
1842,8606,4
1843,8608,4
1844,8614,5
1845,8617,1
1846,8623,5
1847,8626,5
1848,8632,5
1849,8634,3
1850,8641,5
1851,8652,5
1852,8655,4
1853,8657,4
1854,8669,5
1855,8671,3
1856,8681,4
1857,8683,5
1858,8706,4
1859,8713,4
1860,8715,3
1861,8722,4
1862,8725,5
1863,8738,4
1864,8743,5
1865,8747,4
1866,8750,4
1867,8760,4
1868,8761,4
1869,8766,5
1870,8767,5
1871,8771,4
1872,8775,3
1873,8783,5
1874,8784,4
1875,8786,5
1876,8795,5
1877,8801,5
1878,8809,5
1879,8818,4
1880,8821,2
1881,8826,5
1882,8840,5
1883,8843,3
1884,8845,5
1885,8850,3
1886,8851,5
1887,8856,3
1888,8857,2
1889,8858,5
1890,8862,4
1891,8863,4
1892,8865,4
1893,8869,5
1894,8878,4
1895,8889,5
1896,8895,5
1897,8898,4
1898,8899,4
1899,8903,4
1900,8911,5
1901,8913,3
1902,8914,4
1903,8922,3
1904,8927,5
1905,8934,5
1906,8940,1
1907,8953,5
1908,8964,5
1909,8966,4
1910,8968,4
1911,8972,4
1912,8978,5
1913,8984,4
1914,8992,5
1915,8997,5
1916,9002,5
1917,9006,5
1918,9007,5
1919,9009,5
1920,9012,3
1921,9018,5
1922,9019,4
1923,9021,4
1924,9025,3
1925,9032,4
1926,9035,3
1927,9037,5
1928,9040,4
1929,9042,4
1930,9049,5
1931,9051,5
1932,9053,5
1933,9055,5
1934,9062,5
1935,9068,5
1936,9073,3
1937,9074,5
1938,9078,3
1939,9082,2
1940,9088,4
1941,9093,3
1942,9104,3
1943,9106,5
1944,9107,4
1945,9109,5
1946,9113,5
1947,9116,4
1948,9124,4
1949,9128,5
1950,9129,2
1951,9134,5
1952,9135,5
1953,9137,5
1954,9144,5
1955,9154,5
1956,9161,4
1957,9162,5
1958,9166,5
1959,9169,4
1960,9179,5
1961,9185,5
1962,9201,5
1963,9204,4
1964,9223,5
1965,9237,5
1966,9242,4
1967,9243,5
1968,9244,2
1969,9246,5
1970,9253,5
1971,9255,2
1972,9257,3
1973,9261,3
1974,9262,5
1975,9267,3
1976,9275,4
1977,9281,4
1978,9284,5
1979,9285,3
1980,9288,3
1981,9304,4
1982,9309,5
1983,9311,4
1984,9314,3
1985,9334,5
1986,9350,4
1987,9359,3
1988,9376,3
1989,9378,5
1990,9382,1
1991,9397,5
1992,9406,2
1993,9410,3
1994,9414,2
1995,9420,5
1996,9421,5
1997,9440,4
1998,9443,2
1999,9445,5
2000,9449,5
2001,9454,4
2002,9459,5
2003,9466,5
2004,9467,4
2005,9471,5
2006,9483,4
2007,9490,2
2008,9495,5
2009,9497,4
2010,9503,4
2011,9504,5
2012,9509,5
2013,9513,3
2014,9514,3
2015,9516,4
2016,9520,5
2017,9527,4
2018,9532,5
2019,9559,3
2020,9560,2
2021,9566,4
2022,9569,4
2023,9570,1
2024,9572,4
2025,9577,5
2026,9579,4
2027,9580,5
2028,9586,4
2029,9590,2
2030,9591,5
2031,9592,4
2032,9595,4
2033,9604,5
2034,9606,2
2035,9615,5
2036,9617,5
2037,9618,4
2038,9622,5
2039,9628,1
2040,9630,4
2041,9641,5
2042,9651,4
2043,9652,3
2044,9655,1
2045,9656,4
2046,9664,5
2047,9669,5
2048,9686,2
2049,9691,3
2050,9692,5
2051,9693,4
2052,9697,4
2053,9731,5
2054,9733,4
2055,9735,5
2056,9737,3
2057,9743,3
2058,9745,5
2059,9747,4
2060,9751,4
2061,9752,5
2062,9755,4
2063,9759,5
2064,9765,5
2065,9766,5
2066,9780,3
2067,9791,3
2068,9794,2
2069,9801,5
2070,9803,5
2071,9806,4
2072,9809,4
2073,9817,4
2074,9820,5
2075,9824,3
2076,9825,5
2077,9831,5
2078,9833,4
2079,9846,5
2080,9853,5
2081,9861,5
2082,9863,4
2083,9865,5
2084,9868,3
2085,9870,5
2086,9872,4
2087,9886,5
2088,9887,5
2089,9888,5
2090,9889,3
2091,9893,5
2092,9894,1
2093,9900,3
2094,9905,5
2095,9907,3
2096,9911,3
2097,9913,4
2098,9914,5
2099,9918,5
2100,9921,4
2101,9922,5
2102,9923,5
2103,9927,5
2104,9929,5
2105,9930,1
2106,9931,4
2107,9933,3
2108,9936,2
2109,9938,4
2110,9947,5
2111,9948,5
2112,9954,2
2113,9956,5
2114,9958,5
2115,9963,5
2116,9968,5
2117,9972,5
2118,9980,3
2119,9992,5
2120,10006,5
2121,10007,4
2122,10008,4
2123,10023,5
2124,10030,4
2125,10042,4
2126,10045,5
2127,10051,3
2128,10053,2
2129,10060,5
2130,10066,5
2131,10072,5
2132,10082,4
2133,10085,4
2134,10107,2
2135,10115,5
2136,10123,4
2137,10125,4
2138,10131,4
2139,10132,4
2140,10135,5
2141,10138,5
2142,10142,5
2143,10143,2
2144,10144,4
2145,10147,4
2146,10154,4
2147,10160,5
2148,10162,4
2149,10164,5
2150,10165,2
2151,10168,5
2152,10169,5
2153,10171,5
2154,10172,3
2155,10173,5
2156,10176,3
2157,10185,4
2158,10210,3
2159,10211,5
2160,10214,5
2161,10216,3
2162,10219,4
2163,10222,3
2164,10227,4
2165,10229,4
2166,10243,5
2167,10247,5
2168,10253,5
2169,10255,4
2170,10266,5
2171,10268,3
2172,10273,3
2173,10274,5
2174,10275,5
2175,10277,5
2176,10286,5
2177,10287,5
2178,10290,5
2179,10296,4
2180,10298,5
2181,10303,4
2182,10306,4
2183,10309,5
2184,10310,5
2185,10311,4
2186,10313,5
2187,10314,5
2188,10321,5
2189,10327,4
2190,10329,5
2191,10333,3
2192,10344,4
2193,10345,4
2194,10346,5
2195,10347,4
2196,10354,2
2197,10358,4
2198,10365,5
2199,10368,5
2200,10370,3
2201,10374,4
2202,10381,5
2203,10384,4
2204,10385,5
2205,10387,4
2206,10389,5
2207,10393,5
2208,10397,5
2209,10399,4
2210,10400,4
2211,10401,4
2212,10402,4
2213,10406,5
2214,10418,3
2215,10419,4
2216,10429,2
2217,10431,3
2218,10445,1
2219,10457,5
2220,10463,5
2221,10472,4
2222,10473,4
2223,10474,4
2224,10475,3
2225,10477,5
2226,10478,4
2227,10481,4
2228,10484,4
2229,10487,5
2230,10492,2
2231,10500,4
2232,10502,5
2233,10509,5
2234,10514,3
2235,10519,5
2236,10529,4
2237,10536,5
2238,10539,1
2239,10541,4
2240,10545,4
2241,10546,3
2242,10547,3
2243,10554,4
2244,10557,3
2245,10560,5
2246,10562,4
2247,10572,5
2248,10573,4
2249,10574,2
2250,10576,4
2251,10578,5
2252,10579,3
2253,10580,5
2254,10581,5
2255,10583,4
2256,10586,3
2257,10587,1
2258,10598,5
2259,10599,5
2260,10612,2
2261,10617,4
2262,10618,5
2263,10622,4
2264,10632,5
2265,10634,4
2266,10635,4
2267,10642,2
2268,10644,4
2269,10645,4
2270,10648,4
2271,10651,3
2272,10653,5
2273,10664,5
2274,10665,5
2275,10671,4
2276,10672,4
2277,10677,4
2278,10680,4
2279,10686,4
2280,10694,2
2281,10698,3
2282,10705,4
2283,10706,5
2284,10707,5
2285,10708,4
2286,10710,5
2287,10717,5
2288,10721,4
2289,10723,5
2290,10725,4
2291,10727,4
2292,10728,5
2293,10735,3
2294,10743,5
2295,10748,2
2296,10761,5
2297,10771,5
2298,10779,5
2299,10787,5
2300,10790,4
2301,10794,4
2302,10798,2
2303,10799,5
2304,10803,2
2305,10804,5
2306,10811,5
2307,10812,5
2308,10819,1
2309,10821,2
2310,10840,3
2311,10841,5
2312,10851,5
2313,10858,4
2314,10860,3
2315,10869,3
2316,10874,4
2317,10880,4
2318,10882,2
2319,10884,5
2320,10886,4
2321,10895,3
2322,10896,4
2323,10907,5
2324,10913,5
2325,10923,5
2326,10925,4
2327,10927,5
2328,10933,4
2329,10937,5
2330,10946,4
2331,10950,5
2332,10958,2
2333,10967,5
2334,10977,4
2335,10991,4
2336,10997,5
2337,11007,2
2338,11008,3
2339,11012,5
2340,11016,4
2341,11018,3
2342,11019,4
2343,11023,2
2344,11029,2
2345,11033,5
2346,11036,3
2347,11051,3
2348,11052,4
2349,11062,4
2350,11066,4
2351,11068,5
2352,11078,5
2353,11082,5
2354,11100,4
2355,11109,3
2356,11112,2
2357,11125,4
2358,11127,1
2359,11136,5
2360,11161,2
2361,11168,4
2362,11180,4
2363,11181,5
2364,11195,5
2365,11200,5
2366,11202,5
2367,11204,5
2368,11214,3
2369,11218,3
2370,11225,5
2371,11231,4
2372,11239,5
2373,11240,3
2374,11241,3
2375,11249,5
2376,11256,5
2377,11258,4
2378,11261,4
2379,11264,4
2380,11266,3
2381,11279,4
2382,11283,4
2383,11286,4
2384,11288,5
2385,11289,5
2386,11293,5
2387,11295,4
2388,11301,4
2389,11306,5
2390,11313,3
2391,11314,4
2392,11316,3
2393,11320,4
2394,11325,3
2395,11327,3
2396,11328,2
2397,11339,5
2398,11341,4
2399,11348,4
2400,11349,5
2401,11351,5
2402,11362,5
2403,11363,5
2404,11369,5
2405,11371,5
2406,11382,5
2407,11383,5
2408,11386,5
2409,11388,5
2410,11395,1
2411,11398,5
2412,11407,5
2413,11416,4
2414,11430,5
2415,11431,4
2416,11432,4
2417,11437,3
2418,11438,5
2419,11445,3
2420,11446,5
2421,11447,5
2422,11452,5
2423,11459,4
2424,11467,3
2425,11471,4
2426,11473,5
2427,11474,5
2428,11476,4
2429,11482,3
2430,11499,2
2431,11510,4
2432,11516,4
2433,11517,5
2434,11523,4
2435,11527,3
2436,11529,3
2437,11530,5
2438,11535,5
2439,11543,4
2440,11545,5
2441,11546,5
2442,11555,3
2443,11559,4
2444,11561,5
2445,11563,5
2446,11567,2
2447,11571,5
2448,11575,5
2449,11576,4
2450,11581,5
2451,11587,4
2452,11590,5
2453,11593,5
2454,11595,5
2455,11596,1
2456,11608,5
2457,11610,5
2458,11611,4
2459,11616,3
2460,11620,3
2461,11632,4
2462,11633,5
2463,11635,5
2464,11642,5
2465,11643,2
2466,11645,2
2467,11646,4
2468,11658,5
2469,11660,4
2470,11661,5
2471,11666,4
2472,11674,3
2473,11675,4
2474,11676,3
2475,11679,5
2476,11680,4
2477,11681,4
2478,11688,2
2479,11689,4
2480,11692,4
2481,11704,2
2482,11705,2
2483,11706,5
2484,11714,5
2485,11715,5
2486,11719,4
2487,11721,4
2488,11724,5
2489,11725,5
2490,11731,5
2491,11737,4
2492,11740,4
2493,11743,4
2494,11744,5
2495,11749,4
2496,11755,4
2497,11757,5
2498,11762,4
2499,11766,5
2500,11770,4
2501,11783,5
2502,11787,4
2503,11789,3
2504,11795,5
2505,11797,3
2506,11798,4
2507,11801,4
2508,11804,5
2509,11806,5
2510,11814,4
2511,11821,3
2512,11823,4
2513,11824,5
2514,11841,3
2515,11843,3
2516,11845,4
2517,11848,4
2518,11849,5
2519,11861,5
2520,11864,4
2521,11865,5
2522,11866,1
2523,11881,5
2524,11884,4
2525,11895,4
2526,11897,5
2527,11900,2
2528,11905,4
2529,11907,3
2530,11909,5
2531,11922,5
2532,11938,3
2533,11939,4
2534,11943,2
2535,11947,3
2536,11950,5
2537,11955,3
2538,11964,3
2539,11974,5
2540,11979,4
2541,11982,3
2542,11991,5
2543,11994,5
2544,11996,5
2545,11997,4
2546,12001,4
2547,12015,5
2548,12019,5
2549,12024,2
2550,12025,5
2551,12036,5
2552,12049,5
2553,12051,3
2554,12056,5
2555,12069,5
2556,12070,5
2557,12071,3
2558,12074,5
2559,12079,5
2560,12088,4
2561,12090,1
2562,12093,4
2563,12098,4
2564,12101,5
2565,12107,3
2566,12110,4
2567,12112,5
2568,12118,5
2569,12126,4
2570,12127,3
2571,12130,4
2572,12133,4
2573,12142,3
2574,12146,5
2575,12150,4
2576,12159,5
2577,12165,4
2578,12169,3
2579,12172,5
2580,12175,4
2581,12180,5
2582,12185,5
2583,12187,3
2584,12189,1
2585,12191,5
2586,12193,5
2587,12194,3
2588,12197,2
2589,12199,2
2590,12209,4
2591,12213,3
2592,12214,4
2593,12227,5
2594,12230,5
2595,12231,5
2596,12236,4
2597,12241,5
2598,12246,3
2599,12252,5
2600,12256,5
2601,12268,5
2602,12270,3
2603,12290,3
2604,12294,5
2605,12298,4
2606,12299,4
2607,12300,5
2608,12307,5
2609,12308,4
2610,12313,4
2611,12318,2
2612,12319,4
2613,12322,2
2614,12328,4
2615,12331,2
2616,12339,4
2617,12340,5
2618,12342,3
2619,12344,4
2620,12354,5
2621,12357,1
2622,12360,2
2623,12363,5
2624,12365,5
2625,12366,5
2626,12375,3
2627,12387,4
2628,12396,5
2629,12399,5
2630,12400,3
2631,12402,5
2632,12406,5
2633,12407,3
2634,12413,5
2635,12420,3
2636,12423,3
2637,12425,5
2638,12426,4
2639,12427,4
2640,12429,4
2641,12432,3
2642,12439,5
2643,12446,4
2644,12450,3
2645,12455,4
2646,12462,5
2647,12463,3
2648,12464,4
2649,12468,5
2650,12469,4
2651,12475,5
2652,12476,3
2653,12478,5
2654,12479,4
2655,12491,4
2656,12494,5
2657,12496,5
2658,12504,2
2659,12505,5
2660,12530,3
2661,12532,4
2662,12540,5
2663,12543,4
2664,12546,5
2665,12551,5
2666,12555,5
2667,12563,5
2668,12564,4
2669,12565,4
2670,12566,5
2671,12571,2
2672,12574,5
2673,12583,5
2674,12590,2
2675,12601,3
2676,12602,5
2677,12606,2
2678,12622,1
2679,12624,5
2680,12635,4
2681,12636,4
2682,12637,4
2683,12638,3
2684,12645,4
2685,12646,5
2686,12650,5
2687,12657,4
2688,12659,4
2689,12663,5
2690,12664,4
2691,12666,1
2692,12669,5
2693,12671,5
2694,12680,5
2695,12682,5
2696,12691,2
2697,12696,2
2698,12704,5
2699,12719,4
2700,12720,5
2701,12725,5
2702,12737,3
2703,12742,5
2704,12752,4
2705,12757,5
2706,12762,5
2707,12775,5
2708,12780,4
2709,12795,4
2710,12799,5
2711,12802,4
2712,12809,5
2713,12810,4
2714,12815,5
2715,12819,3
2716,12820,5
2717,12824,5
2718,12844,2
2719,12854,5
2720,12860,4
2721,12874,3
2722,12881,1
2723,12885,5
2724,12887,5
2725,12888,4
2726,12889,4
2727,12890,4
2728,12902,4
2729,12910,3
2730,12913,4
2731,12914,4
2732,12915,3
2733,12918,5
2734,12919,2
2735,12920,5
2736,12923,3
2737,12924,5
2738,12938,2
2739,12943,4
2740,12950,2
2741,12957,5
2742,12962,3
2743,12967,5
2744,12969,5
2745,12970,5
2746,12984,5
2747,12987,4
2748,12989,5
2749,12992,4
2750,13005,4
2751,13006,4
2752,13021,4
2753,13024,2
2754,13027,5
2755,13032,1
2756,13033,4
2757,13040,5
2758,13043,2
2759,13049,2
2760,13050,3
2761,13051,4
2762,13055,5
2763,13056,2
2764,13059,4
2765,13062,5
2766,13063,5
2767,13064,5
2768,13067,5
2769,13068,5
2770,13073,5
2771,13085,5
2772,13088,5
2773,13090,5
2774,13097,5
2775,13101,2
2776,13102,5
2777,13104,5
2778,13107,5
2779,13109,2
2780,13112,5
2781,13117,3
2782,13119,5
2783,13121,5
2784,13126,5
2785,13129,4
2786,13132,5
2787,13144,4
2788,13149,5
2789,13150,4
2790,13168,4
2791,13170,5
2792,13189,3
2793,13190,4
2794,13191,5
2795,13195,4
2796,13197,4
2797,13201,3
2798,13214,5
2799,13215,4
2800,13220,5
2801,13225,4
2802,13226,5
2803,13233,3
2804,13240,5
2805,13245,3
2806,13254,1
2807,13256,4
2808,13260,4
2809,13264,4
2810,13268,4
2811,13269,4
2812,13270,4
2813,13275,5
2814,13276,2
2815,13281,4
2816,13283,4
2817,13291,3
2818,13313,4
2819,13317,4
2820,13332,5
2821,13333,4
2822,13345,5
2823,13347,5
2824,13351,5
2825,13352,2
2826,13355,3
2827,13359,5
2828,13363,5
2829,13365,3
2830,13366,4
2831,13367,4
2832,13368,5
2833,13369,5
2834,13371,5
2835,13372,3
2836,13373,5
2837,13374,4
2838,13375,4
2839,13379,3
2840,13381,4
2841,13384,5
2842,13387,5
2843,13388,2
2844,13393,3
2845,13397,5
2846,13398,5
2847,13403,5
2848,13411,5
2849,13415,4
2850,13424,4
2851,13425,4
2852,13427,2
2853,13428,5
2854,13438,4
2855,13444,4
2856,13446,5
2857,13447,4
2858,13451,4
2859,13455,3
2860,13459,5
2861,13467,5
2862,13468,4
2863,13471,5
2864,13476,4
2865,13482,4
2866,13487,5
2867,13493,4
2868,13507,4
2869,13511,5
2870,13529,5
2871,13530,5
2872,13552,3
2873,13576,4
2874,13577,5
2875,13578,5
2876,13582,3
2877,13587,5
2878,13593,5
2879,13602,5
2880,13603,5
2881,13604,3
2882,13607,5
2883,13611,5
2884,13612,4
2885,13618,3
2886,13620,5
2887,13625,5
2888,13626,3
2889,13628,4
2890,13629,5
2891,13630,3
2892,13631,5
2893,13642,5
2894,13644,3
2895,13646,3
2896,13647,5
2897,13650,4
2898,13657,4
2899,13661,5
2900,13669,5
2901,13675,3
2902,13678,5
2903,13679,5
2904,13681,4
2905,13685,2
2906,13688,5
2907,13695,2
2908,13696,3
2909,13697,5
2910,13702,3
2911,13710,5
2912,13717,4
2913,13720,3
2914,13723,5
2915,13728,4
2916,13731,5
2917,13735,5
2918,13739,4
2919,13748,4
2920,13753,2
2921,13758,5
2922,13759,5
2923,13762,3
2924,13765,5
2925,13768,3
2926,13769,3
2927,13778,5
2928,13784,5
2929,13785,5
2930,13804,2
2931,13809,5
2932,13811,4
2933,13819,5
2934,13820,5
2935,13825,5
2936,13826,5
2937,13828,5
2938,13829,3
2939,13836,5
2940,13844,4
2941,13846,5
2942,13849,4
2943,13850,4
2944,13856,3
2945,13865,4
2946,13867,5
2947,13874,5
2948,13876,5
2949,13883,5
2950,13885,4
2951,13886,4
2952,13888,3
2953,13893,4
2954,13896,5
2955,13898,5
2956,13902,3
2957,13910,5
2958,13913,4
2959,13917,5
2960,13921,5
2961,13926,4
2962,13927,4
2963,13928,4
2964,13931,5
2965,13938,4
2966,13943,4
2967,13950,4
2968,13959,1
2969,13967,5
2970,13968,4
2971,13974,4
2972,13977,4
2973,13980,4
2974,13986,4
2975,13991,4
2976,13997,4
2977,14002,4
2978,14005,4
2979,14032,5
2980,14036,5
2981,14042,5
2982,14045,5
2983,14049,4
2984,14052,5
2985,14058,5
2986,14067,5
2987,14070,3
2988,14075,4
2989,14083,4
2990,14086,3
2991,14088,4
2992,14090,5
2993,14099,4
2994,14109,4
2995,14111,3
2996,14124,5
2997,14127,3
2998,14135,4
2999,14136,2
3000,14140,5
3001,14146,4
3002,14147,5
3003,14149,2
3004,14152,5
3005,14156,5
3006,14159,4
3007,14160,5
3008,14163,4
3009,14164,5
3010,14165,4
3011,14171,3
3012,14175,5
3013,14179,5
3014,14183,5
3015,14206,4
3016,14213,5
3017,14217,5
3018,14222,5
3019,14223,5
3020,14227,5
3021,14237,1
3022,14244,5
3023,14247,4
3024,14249,5
3025,14255,3
3026,14256,4
3027,14257,5
3028,14262,5
3029,14278,4
3030,14287,5
3031,14291,5
3032,14292,4
3033,14299,3
3034,14304,5
3035,14307,5
3036,14309,5
3037,14313,3
3038,14318,2
3039,14343,4
3040,14349,5
3041,14361,5
3042,14375,5
3043,14377,3
3044,14379,4
3045,14380,5
3046,14386,4
3047,14388,4
3048,14390,5
3049,14391,5
3050,14397,4
3051,14399,4
3052,14401,3
3053,14404,5
3054,14405,5
3055,14409,2
3056,14414,5
3057,14420,3
3058,14425,4
3059,14426,4
3060,14440,4
3061,14442,4
3062,14451,5
3063,14452,4
3064,14457,5
3065,14467,5
3066,14472,4
3067,14486,4
3068,14489,5
3069,14490,5
3070,14491,4
3071,14492,3
3072,14495,4
3073,14496,3
3074,14500,5
3075,14508,5
3076,14512,5
3077,14513,5
3078,14518,3
3079,14522,5
3080,14527,2
3081,14529,4
3082,14534,5
3083,14544,4
3084,14548,1
3085,14559,3
3086,14561,5
3087,14563,5
3088,14570,1
3089,14576,5
3090,14583,5
3091,14593,5
3092,14594,5
3093,14602,5
3094,14603,4
3095,14607,5
3096,14608,4
3097,14611,5
3098,14617,5
3099,14621,5
3100,14622,4
3101,14623,4
3102,14626,3
3103,14632,4
3104,14635,5
3105,14638,4
3106,14640,5
3107,14644,4
3108,14649,4
3109,14655,4
3110,14660,5
3111,14663,2
3112,14667,5
3113,14675,5
3114,14690,5
3115,14700,5
3116,14703,1
3117,14704,5
3118,14735,5
3119,14742,4
3120,14750,5
3121,14760,5
3122,14763,4
3123,14774,4
3124,14775,4
3125,14791,3
3126,14795,5
3127,14796,1
3128,14804,4
3129,14805,5
3130,14811,4
3131,14815,5
3132,14819,3
3133,14820,4
3134,14824,3
3135,14827,5
3136,14829,3
3137,14834,5
3138,14845,3
3139,14849,5
3140,14860,4
3141,14881,5
3142,14888,4
3143,14892,3
3144,14895,4
3145,14901,4
3146,14902,4
3147,14904,2
3148,14906,2
3149,14908,5
3150,14922,5
3151,14924,5
3152,14929,4
3153,14932,5
3154,14939,5
3155,14940,5
3156,14947,4
3157,14948,5
3158,14949,4
3159,14952,5
3160,14956,4
3161,14958,4
3162,14962,5
3163,14964,2
3164,14971,2
3165,14978,4
3166,14986,4
3167,14987,3
3168,14989,1
3169,14991,5
3170,14998,1
3171,15001,3
3172,15006,3
3173,15008,4
3174,15010,3
3175,15011,4
3176,15015,5
3177,15017,5
3178,15022,3
3179,15023,3
3180,15031,4
3181,15033,3
3182,15041,3
3183,15049,3
3184,15065,3
3185,15068,5
3186,15069,5
3187,15071,5
3188,15075,4
3189,15076,5
3190,15082,4
3191,15093,2
3192,15097,4
3193,15098,4
3194,15104,1
3195,15107,5
3196,15108,3
3197,15117,4
3198,15126,5
3199,15137,4
3200,15144,5
3201,15151,4
3202,15152,5
3203,15153,5
3204,15156,5
3205,15157,5
3206,15162,5
3207,15164,5
3208,15168,5
3209,15169,5
3210,15171,5
3211,15176,4
3212,15182,4
3213,15186,5
3214,15192,5
3215,15193,5
3216,15195,5
3217,15197,3
3218,15198,4
3219,15209,5
3220,15210,3
3221,15214,1
3222,15218,4
3223,15220,3
3224,15232,4
3225,15233,3
3226,15238,3
3227,15242,2
3228,15245,5
3229,15253,5
3230,15254,5
3231,15267,5
3232,15280,4
3233,15290,5
3234,15295,5
3235,15304,5
3236,15308,5
3237,15309,5
3238,15311,5
3239,15317,5
3240,15321,5
3241,15326,4
3242,15328,2
3243,15330,4
3244,15333,2
3245,15334,5
3246,15336,5
3247,15338,5
3248,15341,4
3249,15343,5
3250,15345,5
3251,15351,4
3252,15352,5
3253,15361,4
3254,15362,5
3255,15364,5
3256,15366,3
3257,15382,4
3258,15389,2
3259,15390,5
3260,15401,3
3261,15414,5
3262,15421,4
3263,15426,5
3264,15427,4
3265,15429,5
3266,15432,4
3267,15433,5
3268,15435,5
3269,15441,5
3270,15442,5
3271,15453,5
3272,15455,4
3273,15463,5
3274,15467,3
3275,15468,5
3276,15470,4
3277,15471,4
3278,15472,5
3279,15476,4
3280,15478,4
3281,15482,3
3282,15493,5
3283,15496,3
3284,15504,5
3285,15505,4
3286,15508,4
3287,15510,5
3288,15522,5
3289,15523,5
3290,15525,4
3291,15529,5
3292,15533,5
3293,15542,3
3294,15549,3
3295,15550,4
3296,15552,2
3297,15554,3
3298,15556,5
3299,15557,4
3300,15563,4
3301,15568,5
3302,15570,3
3303,15577,4
3304,15579,4
3305,15583,3
3306,15584,5
3307,15588,4
3308,15591,3
3309,15594,5
3310,15597,5
3311,15609,5
3312,15620,5
3313,15623,5
3314,15627,3
3315,15632,4
3316,15639,4
3317,15642,5
3318,15656,5
3319,15669,5
3320,15671,5
3321,15674,5
3322,15679,5
3323,15683,4
3324,15699,4
3325,15707,4
3326,15708,5
3327,15712,5
3328,15714,4
3329,15718,4
3330,15722,5
3331,15725,3
3332,15728,4
3333,15731,3
3334,15738,4
3335,15743,4
3336,15750,5
3337,15757,5
3338,15767,4
3339,15769,5
3340,15773,1
3341,15777,5
3342,15784,2
3343,15786,5
3344,15792,5
3345,15794,5
3346,15807,5
3347,15816,3
3348,15818,3
3349,15820,4
3350,15827,5
3351,15830,4
3352,15840,4
3353,15841,5
3354,15842,5
3355,15845,4
3356,15848,3
3357,15850,3
3358,15853,3
3359,15855,4
3360,15859,4
3361,15862,5
3362,15875,2
3363,15877,5
3364,15881,5
3365,15883,3
3366,15888,4
3367,15916,5
3368,15929,5
3369,15933,5
3370,15934,5
3371,15938,5
3372,15940,5
3373,15954,4
3374,15956,4
3375,15965,5
3376,15967,5
3377,15971,5
3378,15982,5
3379,15993,4
3380,16001,1
3381,16002,5
3382,16010,3
3383,16014,4
3384,16017,3
3385,16022,3
3386,16031,4
3387,16036,4
3388,16037,5
3389,16040,4
3390,16041,2
3391,16047,3
3392,16050,2
3393,16059,5
3394,16062,5
3395,16063,5
3396,16068,4
3397,16069,5
3398,16079,5
3399,16084,3
3400,16087,4
3401,16088,4
3402,16095,3
3403,16097,2
3404,16100,5
3405,16112,5
3406,16117,3
3407,16119,4
3408,16120,5
3409,16130,4
3410,16139,4
3411,16141,4
3412,16146,5
3413,16148,5
3414,16154,4
3415,16158,1
3416,16162,5
3417,16166,4
3418,16180,2
3419,16186,5
3420,16187,5
3421,16195,5
3422,16197,5
3423,16202,4
3424,16205,5
3425,16206,2
3426,16207,4
3427,16209,1
3428,16213,5
3429,16222,5
3430,16245,2
3431,16246,4
3432,16257,5
3433,16261,5
3434,16269,5
3435,16280,5
3436,16286,5
3437,16287,5
3438,16288,4
3439,16290,3
3440,16291,2
3441,16295,5
3442,16296,5
3443,16317,5
3444,16318,3
3445,16322,5
3446,16325,5
3447,16326,5
3448,16334,3
3449,16335,4
3450,16341,5
3451,16343,4
3452,16345,5
3453,16350,3
3454,16356,3
3455,16376,4
3456,16379,5
3457,16380,5
3458,16382,5
3459,16384,2
3460,16394,3
3461,16395,3
3462,16400,3
3463,16403,5
3464,16410,4
3465,16421,5
3466,16429,5
3467,16430,5
3468,16432,4
3469,16433,5
3470,16436,5
3471,16440,2
3472,16441,3
3473,16442,5
3474,16445,5
3475,16449,3
3476,16471,4
3477,16476,2
3478,16478,3
3479,16494,5
3480,16496,4
3481,16499,5
3482,16500,4
3483,16501,5
3484,16503,5
3485,16506,5
3486,16511,2
3487,16519,5
3488,16520,4
3489,16521,4
3490,16523,5
3491,16530,3
3492,16531,5
3493,16536,4
3494,16538,3
3495,16540,4
3496,16541,5
3497,16547,5
3498,16568,5
3499,16569,5
3500,16570,5
3501,16580,2
3502,16581,5
3503,16586,4
3504,16589,5
3505,16592,5
3506,16598,4
3507,16604,5
3508,16605,5
3509,16608,3
3510,16612,5
3511,16628,5
3512,16631,2
3513,16639,5
3514,16642,1
3515,16645,5
3516,16646,5
3517,16649,5
3518,16657,5
3519,16667,5
3520,16671,4
3521,16675,4
3522,16676,5
3523,16677,4
3524,16682,5
3525,16701,4
3526,16709,4
3527,16710,5
3528,16712,2
3529,16714,4
3530,16717,5
3531,16720,5
3532,16724,5
3533,16728,4
3534,16730,5
3535,16737,3
3536,16744,2
3537,16745,4
3538,16748,5
3539,16751,5
3540,16755,5
3541,16767,2
3542,16772,5
3543,16774,5
3544,16783,5
3545,16786,4
3546,16787,3
3547,16791,5
3548,16794,5
3549,16795,4
3550,16799,5
3551,16800,5
3552,16806,5
3553,16815,4
3554,16817,4
3555,16819,5
3556,16821,5
3557,16825,3
3558,16835,5
3559,16836,5
3560,16839,3
3561,16845,4
3562,16849,5
3563,16863,5
3564,16865,4
3565,16866,2
3566,16874,5
3567,16875,5
3568,16879,3
3569,16880,5
3570,16886,3
3571,16894,5
3572,16896,3
3573,16899,3
3574,16906,3
3575,16911,5
3576,16916,2
3577,16917,4
3578,16935,3
3579,16940,5
3580,16941,4
3581,16943,4
3582,16947,4
3583,16949,5
3584,16950,3
3585,16951,5
3586,16952,4
3587,16955,2
3588,16956,5
3589,16962,3
3590,16964,5
3591,16968,5
3592,16969,2
3593,16971,5
3594,16974,5
3595,16979,5
3596,16986,5
3597,16995,3
3598,17003,5
3599,17006,5
3600,17008,3
3601,17017,5
3602,17018,3
3603,17021,5
3604,17037,5
3605,17052,3
3606,17061,2
3607,17063,3
3608,17064,5
3609,17067,4
3610,17069,5
3611,17070,1
3612,17072,5
3613,17085,4
3614,17090,5
3615,17096,3
3616,17104,5
3617,17119,4
3618,17134,5
3619,17135,5
3620,17138,4
3621,17139,5
3622,17141,5
3623,17149,2
3624,17152,4
3625,17153,5
3626,17160,4
3627,17164,4
3628,17170,5
3629,17173,4
3630,17176,5
3631,17177,2
3632,17195,5
3633,17203,5
3634,17204,5
3635,17205,2
3636,17206,4
3637,17207,3
3638,17210,5
3639,17218,4
3640,17224,3
3641,17225,3
3642,17226,4
3643,17244,1
3644,17247,4
3645,17248,4
3646,17251,4
3647,17256,5
3648,17257,4
3649,17258,5
3650,17259,5
3651,17267,4
3652,17270,4
3653,17274,4
3654,17275,5
3655,17279,2
3656,17291,5
3657,17302,4
3658,17310,4
3659,17312,4
3660,17318,5
3661,17322,5
3662,17326,3
3663,17327,1
3664,17330,2
3665,17335,5
3666,17336,4
3667,17337,4
3668,17338,5
3669,17340,3
3670,17343,5
3671,17347,4
3672,17351,4
3673,17352,4
3674,17354,2
3675,17356,3
3676,17362,4
3677,17363,3
3678,17364,3
3679,17365,5
3680,17370,5
3681,17374,5
3682,17378,5
3683,17388,5
3684,17389,3
3685,17395,2
3686,17396,2
3687,17400,4
3688,17417,4
3689,17422,5
3690,17424,5
3691,17426,5
3692,17429,5
3693,17439,1
3694,17440,5
3695,17443,5
3696,17448,1
3697,17450,5
3698,17454,4
3699,17462,4
3700,17463,5
3701,17468,1
3702,17470,4
3703,17472,5
3704,17474,5
3705,17490,5
3706,17492,4
3707,17498,4
3708,17504,1
3709,17514,4
3710,17515,5
3711,17517,4
3712,17524,5
3713,17529,4
3714,17532,4
3715,17533,3
3716,17535,3
3717,17537,5
3718,17541,3
3719,17542,5
3720,17545,2
3721,17553,5
3722,17562,4
3723,17566,5
3724,17568,4
3725,17574,5
3726,17575,5
3727,17588,3
3728,17599,4
3729,17602,3
3730,17608,4
3731,17610,4
3732,17617,4
3733,17619,4
3734,17628,5
3735,17629,5
3736,17631,5
3737,17635,5
3738,17638,5
3739,17639,2
3740,17642,5
3741,17649,1
3742,17650,2
3743,17651,3
3744,17653,4
3745,17664,5
3746,17665,4
3747,17677,5
3748,17679,4
3749,17692,5
3750,17698,5
3751,17699,3
3752,17706,3
3753,17712,3
3754,17715,5
3755,17724,4
3756,17728,4
3757,17732,4
3758,17733,5
3759,17742,3
3760,17744,3
3761,17746,1
3762,17747,5
3763,17748,5
3764,17750,4
3765,17751,4
3766,17752,4
3767,17764,4
3768,17766,4
3769,17771,4
3770,17774,4
3771,17776,5
3772,17777,4
3773,17782,4
3774,17804,5
3775,17805,2
3776,17816,2
3777,17817,4
3778,17820,5
3779,17821,2
3780,17822,5
3781,17823,4
3782,17824,4
3783,17826,5
3784,17828,5
3785,17829,4
3786,17835,3
3787,17845,4
3788,17848,5
3789,17861,5
3790,17864,3
3791,17875,5
3792,17877,3
3793,17881,3
3794,17890,4
3795,17894,2
3796,17905,4
3797,17914,4
3798,17917,4
3799,17933,3
3800,17936,5
3801,17939,4
3802,17940,5
3803,17942,3
3804,17950,2
3805,17953,4
3806,17955,3
3807,17958,5
3808,17963,4
3809,17964,3
3810,17965,5
3811,17968,5
3812,17970,4
3813,17981,4
3814,17986,4
3815,17992,3
3816,18003,5
3817,18004,5
3818,18006,4
3819,18009,5
3820,18016,5
3821,18017,2
3822,18018,3
3823,18021,5
3824,18023,4
3825,18026,5
3826,18038,4
3827,18042,5
3828,18045,5
3829,18046,4
3830,18060,4
3831,18066,4
3832,18071,5
3833,18089,4
3834,18091,4
3835,18092,5
3836,18093,3
3837,18096,1
3838,18106,2
3839,18107,5
3840,18110,5
3841,18114,4
3842,18115,3
3843,18121,5
3844,18123,3
3845,18139,5
3846,18140,5
3847,18144,4
3848,18146,5
3849,18148,4
3850,18156,5
3851,18159,5
3852,18162,3
3853,18176,5
3854,18182,5
3855,18183,5
3856,18196,5
3857,18198,2
3858,18201,4
3859,18203,2
3860,18214,5
3861,18220,4
3862,18223,5
3863,18226,5
3864,18242,5
3865,18248,5
3866,18252,5
3867,18254,4
3868,18262,4
3869,18269,2
3870,18270,5
3871,18276,3
3872,18277,4
3873,18280,2
3874,18305,4
3875,18313,5
3876,18326,2
3877,18330,3
3878,18331,5
3879,18332,5
3880,18333,5
3881,18342,5
3882,18343,4
3883,18353,4
3884,18359,4
3885,18363,3
3886,18364,4
3887,18369,3
3888,18372,4
3889,18383,4
3890,18384,5
3891,18385,5
3892,18387,5
3893,18393,4
3894,18405,4
3895,18411,5
3896,18416,3
3897,18417,4
3898,18418,4
3899,18423,5
3900,18425,5
3901,18430,5
3902,18433,5
3903,18437,3
3904,18438,4
3905,18439,5
3906,18440,5
3907,18444,4
3908,18446,4
3909,18452,4
3910,18453,5
3911,18464,3
3912,18467,5
3913,18468,2
3914,18471,5
3915,18476,3
3916,18479,4
3917,18490,5
3918,18500,5
3919,18516,5
3920,18519,4
3921,18530,5
3922,18542,5
3923,18543,5
3924,18545,4
3925,18547,5
3926,18548,5
3927,18557,5
3928,18559,1
3929,18565,4
3930,18566,4
3931,18567,2
3932,18581,3
3933,18583,4
3934,18588,5
3935,18591,4
3936,18593,3
3937,18596,4
3938,18599,1
3939,18606,5
3940,18618,3
3941,18619,5
3942,18623,3
3943,18624,4
3944,18627,3
3945,18636,4
3946,18637,5
3947,18641,4
3948,18644,4
3949,18655,5
3950,18658,5
3951,18672,5
3952,18674,4
3953,18681,1
3954,18684,5
3955,18693,5
3956,18697,2
3957,18699,5
3958,18715,4
3959,18720,5
3960,18725,5
3961,18730,5
3962,18740,4
3963,18744,4
3964,18747,5
3965,18753,4
3966,18754,4
3967,18756,4
3968,18758,5
3969,18759,4
3970,18766,5
3971,18772,4
3972,18778,5
3973,18779,5
3974,18783,5
3975,18794,4
3976,18799,4
3977,18809,4
3978,18810,5
3979,18811,4
3980,18815,5
3981,18817,5
3982,18818,4
3983,18820,5
3984,18834,5
3985,18844,5
3986,18845,5
3987,18847,4
3988,18848,4
3989,18858,5
3990,18859,4
3991,18862,2
3992,18870,3
3993,18873,4
3994,18878,5
3995,18885,5
3996,18891,3
3997,18899,2
3998,18904,4
3999,18906,2
4000,18911,5
4001,18918,4
4002,18919,5
4003,18922,3
4004,18933,4
4005,18940,5
4006,18946,5
4007,18953,5
4008,18960,5
4009,18968,5
4010,18970,4
4011,18974,4
4012,18983,5
4013,18994,5
4014,18995,4
4015,19006,5
4016,19009,4
4017,19011,3
4018,19014,5
4019,19017,5
4020,19028,5
4021,19033,5
4022,19035,4
4023,19038,4
4024,19042,2
4025,19044,5
4026,19047,5
4027,19052,3
4028,19060,4
4029,19061,2
4030,19064,4
4031,19069,4
4032,19071,4
4033,19072,4
4034,19081,5
4035,19088,5
4036,19093,5
4037,19099,5
4038,19100,5
4039,19110,4
4040,19111,5
4041,19112,4
4042,19114,4
4043,19117,3
4044,19121,4
4045,19125,5
4046,19143,3
4047,19148,5
4048,19153,5
4049,19157,5
4050,19166,5
4051,19167,3
4052,19171,5
4053,19174,5
4054,19186,4
4055,19197,5
4056,19206,5
4057,19208,4
4058,19212,5
4059,19221,3
4060,19227,4
4061,19230,5
4062,19232,4
4063,19244,5
4064,19247,4
4065,19249,4
4066,19250,3
4067,19263,2
4068,19265,4
4069,19268,4
4070,19274,3
4071,19276,4
4072,19280,2
4073,19282,4
4074,19295,2
4075,19299,3
4076,19321,5
4077,19330,5
4078,19333,4
4079,19348,5
4080,19349,4
4081,19358,5
4082,19364,5
4083,19365,5
4084,19366,4
4085,19371,5
4086,19384,4
4087,19391,1
4088,19405,4
4089,19408,5
4090,19410,4
4091,19415,5
4092,19429,4
4093,19432,5
4094,19443,5
4095,19444,5
4096,19449,4
4097,19453,2
4098,19455,5
4099,19460,4
4100,19470,4
4101,19476,4
4102,19479,5
4103,19483,5
4104,19493,4
4105,19498,2
4106,19503,5
4107,19504,5
4108,19508,2
4109,19514,2
4110,19518,3
4111,19522,5
4112,19523,4
4113,19530,4
4114,19534,5
4115,19539,5
4116,19541,5
4117,19549,4
4118,19556,5
4119,19559,5
4120,19561,3
4121,19566,4
4122,19572,5
4123,19573,4
4124,19575,3
4125,19576,5
4126,19581,5
4127,19582,5
4128,19583,4
4129,19590,3
4130,19595,5
4131,19598,5
4132,19600,5
4133,19616,4
4134,19617,5
4135,19626,5
4136,19627,5
4137,19629,2
4138,19631,3
4139,19638,3
4140,19649,3
4141,19655,4
4142,19660,5
4143,19675,5
4144,19681,3
4145,19684,4
4146,19686,5
4147,19687,4
4148,19693,2
4149,19694,5
4150,19696,4
4151,19699,5
4152,19704,5
4153,19708,5
4154,19713,5
4155,19718,4
4156,19719,4
4157,19721,5
4158,19732,3
4159,19742,1
4160,19753,3
4161,19770,5
4162,19777,5
4163,19779,2
4164,19786,4
4165,19790,5
4166,19793,2
4167,19794,2
4168,19800,4
4169,19806,5
4170,19809,3
4171,19815,4
4172,19820,5
4173,19823,5
4174,19831,5
4175,19832,4
4176,19834,3
4177,19837,4
4178,19838,5
4179,19840,2
4180,19841,4
4181,19845,5
4182,19847,4
4183,19849,3
4184,19850,4
4185,19861,5
4186,19867,4
4187,19873,5
4188,19880,5
4189,19883,4
4190,19885,5
4191,19888,4
4192,19890,3
4193,19892,2
4194,19894,5
4195,19898,2
4196,19899,5
4197,19900,5
4198,19902,4
4199,19904,1
4200,19906,5
4201,19910,5
4202,19913,4
4203,19914,5
4204,19920,5
4205,19922,5
4206,19923,3
4207,19927,3
4208,19928,5
4209,19929,5
4210,19934,5
4211,19938,3
4212,19943,5
4213,19949,5
4214,19952,1
4215,19957,1
4216,19959,2
4217,19961,4
4218,19962,2
4219,19963,1
4220,19964,5
4221,19968,5
4222,19969,5
4223,19976,4
4224,19979,4
4225,19980,2
4226,19981,5
4227,19982,2
4228,19984,4
